{
  "SVT": [
    {
      "question": "Quel organe pompe le sang dans le corps humain ?",
      "choices": ["Le poumon", "Le foie", "Le cœur", "Le rein"],
      "answer": 2,
      "explanation": "Le cœur est l’organe qui assure la circulation du sang."
    },
    {
      "question": "Quel est le rôle principal des globules rouges ?",
      "choices": [
        "Combattre les microbes",
        "Transporter l’oxygène",
        "Digérer les aliments",
        "Produire des hormones"
      ],
      "answer": 1,
      "explanation": "Les globules rouges transportent l’oxygène vers les cellules."
    }
  ],

  "Français": [
    {
      "question": "Quelle est la forme correcte ?",
      "choices": [
        "Il a manger",
        "Il a mangé",
        "Il a mangée",
        "Il mangé"
      ],
      "answer": 1,
      "explanation": "Avec l’auxiliaire avoir, le participe passé ne s’accorde pas ici."
    }
  ],

  "Logique": [
    {
      "question": "Complète la suite : 2 – 4 – 6 – ?",
      "choices": ["7", "8", "9", "10"],
      "answer": 1,
      "explanation": "La suite augmente de +2 à chaque étape."
    }
  ],

  "Culture générale": [
    {
      "question": "Quelle est la capitale de la Côte d’Ivoire ?",
      "choices": ["Abidjan", "Bouaké", "Yamoussoukro", "Daloa"],
      "answer": 2,
      "explanation": "Yamoussoukro est la capitale politique du pays."
    }
  ]
}
